ptBR,engUS
Afeganistão,Afghanistan
Albânia,Albania
Argélia,Algeria
Angola,Angola
Argentina,Argentina
Austrália,Australia
Áustria,Austria
Bahrein,Bahrain
Bangladesh,Bangladesh
Bélgica,Belgium
Benin,Benin
Bolívia,Bolivia
Bósnia e Herzegovina,Bosnia and Herzegovina
Botsuana,Botswana
Brasil,Brazil
Bulgária,Bulgaria
Burkina Faso,Burkina Faso
Burundi,Burundi
Camboja,Cambodia
Camarões,Cameroon
Canadá,Canada
República Centro-Africana,Central African Republic
Chade,Chad
Chile,Chile
China,China
Colômbia,Colombia
Comores,Comoros
República Democrática do Congo,Congo, Dem. Rep.
República do Congo,Congo, Rep.
Costa Rica,Costa Rica
Costa do Marfim,Cote d'Ivoire
Croácia,Croatia
Cuba,Cuba
República Tcheca,Czech Republic
Dinamarca,Denmark
Djibuti,Djibouti
República Dominicana,Dominican Republic
Equador,Ecuador
Egito,Egypt
El Salvador,El Salvador
Guiné Equatorial,Equatorial Guinea
Eritreia,Eritrea
Etiópia,Ethiopia
Finlândia,Finland
França,France
Gabão,Gabon
Gâmbia,Gambia
Alemanha,Germany
Gana,Ghana
Grécia,Greece
Guatemala,Guatemala
Guiné,Guinea
Guiné-Bissau,Guinea-Bissau
Haiti,Haiti
Honduras,Honduras
Hong Kong, China,Hong Kong, China
Hungria,Hungary
Islândia,Iceland
Índia,India
Indonésia,Indonesia
Irã,Iran
Iraque,Iraq
Irlanda,Ireland
Israel,Israel
Itália,Italy
Jamaica,Jamaica
Japão,Japan
Jordânia,Jordan
Quênia,Kenya
Coreia do Norte,Korea, Dem. Rep.
Coreia do Sul,Korea, Rep.
Kuwait,Kuwait
Líbano,Lebanon
Lesoto,Lesotho
Libéria,Liberia
Líbia,Libya
Madagascar,Madagascar
Malawi,Malawi
Malásia,Malaysia
Mali,Mali
Mauritânia,Mauritania
Maurício,Mauritius
México,Mexico
Mongólia,Mongolia
Montenegro,Montenegro
Marrocos,Morocco
Moçambique,Mozambique
Myanmar,Myanmar
Namíbia,Namibia
Nepal,Nepal
Países Baixos,Netherlands
Nova Zelândia,New Zealand
Nicarágua,Nicaragua
Níger,Niger
Nigéria,Nigeria
Noruega,Norway
Omã,Oman
Paquistão,Pakistan
Panamá,Panama
Paraguai,Paraguay
Peru,Peru
Filipinas,Philippines
Polônia,Poland
Portugal,Portugal
Porto Rico,Puerto Rico
Reunião,Reunion
Romênia,Romania
Ruanda,Rwanda
São Tomé e Príncipe,Sao Tome and Principe
Arábia Saudita,Saudi Arabia
Senegal,Senegal
Sérvia,Serbia
Serra Leoa,Sierra Leone
Cingapura,Singapore
Eslováquia,Slovak Republic
Eslovênia,Slovenia
Somália,Somalia
África do Sul,South Africa
Espanha,Spain
Sri Lanka,Sri Lanka
Sudão,Sudan
Suazilândia,Swaziland
Suécia,Sweden
Suíça,Switzerland
Síria,Syria
Taiwan,Taiwan
Tanzânia,Tanzania
Tailândia,Thailand
Togo,Togo
Trinidad e Tobago,Trinidad and Tobago
Tunísia,Tunisia
Turquia,Turkey
Uganda,Uganda
Reino Unido,United Kingdom
Estados Unidos,United States
Uruguai,Uruguay
Venezuela,Venezuela
Vietnã,Vietnam
Cisjordânia e Gaza,West Bank and Gaza
Iêmen,Yemen, Rep.
Zâmbia,Zambia
Zimbábue,Zimbabwe
